AREA_ID,AREA_NAME,DISTRICT_ID,DISTRICT_NAME,LOCALE_KEY,LOCALE_NAME,FACILITY_TYPE,ADDRESS,CITY,STATE,ZIP_CODE,PLUS4_CODE,FAC_FACILITY_SUBTYPE,LOC_TYPE,Status,Comments,EditDate,DISTRICTID,STFIPS,STATE_ABBR,CDFIPS,NAME,LAST_NAME,PARTY,x,y
4B,NORTHEAST (B),020,GREATER BOSTON,V27697,BOYLSTON,POST_OFF,67 SHREWSBURY ST,BOYLSTON,MA,01505,9998,MAIN_PO,P,OPEN,,"9/8/2017, 9:57 PM",2502,25,MA,02,James P. McGovern,McGovern,Democrat,-7985976.5573,5211251.9498
4B,NORTHEAST (B),020,GREATER BOSTON,V21844,GREENDALE,POST_OFF,290 W BOYLSTON ST,WORCESTER,MA,01606,2378,FIN_S,S,OPEN,,"9/8/2017, 9:57 PM",2502,25,MA,02,James P. McGovern,McGovern,Democrat,-7992720.737299999,5206060.432499997
4B,NORTHEAST (B),020,GREATER BOSTON,V21830,GRAFTON,POST_OFF,23 UPTON ST,GRAFTON,MA,01519,9998,MAIN_PO,P,OPEN,,"3/15/2018, 10:15 AM",2502,25,MA,02,James P. McGovern,McGovern,Democrat,-7979693.796499999,5191993.618100002
4B,NORTHEAST (B),020,GREATER BOSTON,V21975,LEOMINSTER,POST_OFF,68 MAIN ST,LEOMINSTER,MA,01453,9998,MAIN_PO,P,OPEN,,"9/8/2017, 9:57 PM",2502,25,MA,02,James P. McGovern,McGovern,Democrat,-7988159.532500001,5240422.162699997
4B,NORTHEAST (B),020,GREATER BOSTON,V27333,MIDTOWN MALL,POST_OFF,22 FRONT ST,WORCESTER,MA,01614,1401,FIN_S,S,OPEN,,"3/15/2018, 10:00 AM",2502,25,MA,02,James P. McGovern,McGovern,Democrat,-7992883.3751,5200502.471299998
4B,NORTHEAST (B),020,GREATER BOSTON,V21984,LINCOLN MALL,POST_OFF,560 LINCOLN ST STE 8,WORCESTER,MA,01605,1925,FIN_S,S,OPEN,,"9/8/2017, 9:57 PM",2502,25,MA,02,James P. McGovern,McGovern,Democrat,-7989624.7196,5205480.8464
4B,NORTHEAST (B),020,GREATER BOSTON,V22007,MAIN STREET,POST_OFF,484 MAIN ST,WORCESTER,MA,01608,1893,FIN_S,S,OPEN,,"9/8/2017, 9:57 PM",2502,25,MA,02,James P. McGovern,McGovern,Democrat,-7993091.5425,5200342.877999999
4B,NORTHEAST (B),020,GREATER BOSTON,V22257,NORTHBOROUGH,POST_OFF,235 W MAIN ST,NORTHBOROUGH,MA,01532,9998,MAIN_PO,P,OPEN,,"3/9/2018, 3:00 PM",2502,25,MA,02,James P. McGovern,McGovern,Democrat,-7976575.181,5207526.7885000035
4B,NORTHEAST (B),020,GREATER BOSTON,V22227,NORTH GRAFTON,POST_OFF,191 WORCESTER ST,NORTH GRAFTON,MA,01536,9998,MAIN_PO,P,OPEN,,"3/9/2018, 3:00 PM",2502,25,MA,02,James P. McGovern,McGovern,Democrat,-7983280.065199999,5195482.2075999975
4B,NORTHEAST (B),020,GREATER BOSTON,V22067,MILLBURY,POST_OFF,119 ELM ST,MILLBURY,MA,01527,9998,MAIN_PO,P,OPEN,,"3/9/2018, 3:00 PM",2502,25,MA,02,James P. McGovern,McGovern,Democrat,-7988488.8155,5189553.164300002
4B,NORTHEAST (B),020,GREATER BOSTON,V21573,QUINSIGAMOND VILLAGE,POST_OFF,347 GREENWOOD ST STE 1,WORCESTER,MA,01607,1775,FIN_S,S,OPEN,,"9/8/2017, 9:57 PM",2502,25,MA,02,James P. McGovern,McGovern,Democrat,-7992240.3937,5193105.787100002
4B,NORTHEAST (B),020,GREATER BOSTON,V22508,SOUTH GRAFTON,POST_OFF,17 FERRY ST,SOUTH GRAFTON,MA,01560,9998,MAIN_PO,P,OPEN,,"9/8/2017, 9:57 PM",2502,25,MA,02,James P. McGovern,McGovern,Democrat,-7980950.3709,5187487.060000002
4B,NORTHEAST (B),020,GREATER BOSTON,V22613,STERLING,POST_OFF,6 CLINTON RD,STERLING,MA,01564,9998,MAIN_PO,P,OPEN,,"9/8/2017, 9:57 PM",2502,25,MA,02,James P. McGovern,McGovern,Democrat,-7987706.5735,5226854.466600001
4B,NORTHEAST (B),020,GREATER BOSTON,V28227,SHREWSBURY ANNEX,POST_OFF,194 MAIN ST,SHREWSBURY,MA,01545,8194,CARR_ANNX,4,OPEN,,"9/8/2017, 9:57 PM",2502,25,MA,02,James P. McGovern,McGovern,Democrat,-7986917.6522,5204515.9014
4B,NORTHEAST (B),020,GREATER BOSTON,V22446,SHREWSBURY,POST_OFF,43 MAPLE AVE,SHREWSBURY,MA,01545,9998,MAIN_PO,P,OPEN,,"9/8/2017, 9:57 PM",2502,25,MA,02,James P. McGovern,McGovern,Democrat,-7983600.3314,5205068.038999997
4B,NORTHEAST (B),020,GREATER BOSTON,V22661,TURNPIKE,POST_OFF,166 BOSTON TPKE,SHREWSBURY,MA,01545,9991,FIN_S,S,OPEN,,"9/8/2017, 9:57 PM",2502,25,MA,02,James P. McGovern,McGovern,Democrat,-7986825.702299999,5202224.0242
4B,NORTHEAST (B),020,GREATER BOSTON,V22803,UPTON,POST_OFF,116 MAIN ST,UPTON,MA,01568,9998,MAIN_PO,P,OPEN,,"3/9/2018, 3:00 PM",2502,25,MA,02,James P. McGovern,McGovern,Democrat,-7972724.862400001,5186415.801200002
4B,NORTHEAST (B),020,GREATER BOSTON,V22754,WEST BOYLSTON,POST_OFF,67 W BOYLSTON ST UNIT 5,WEST BOYLSTON,MA,01583,9998,MAIN_PO,P,OPEN,,"9/8/2017, 9:57 PM",2502,25,MA,02,James P. McGovern,McGovern,Democrat,-7990817.6193,5214912.291599996
4B,NORTHEAST (B),020,GREATER BOSTON,V22863,WORCESTER,POST_OFF,4 E CENTRAL ST,WORCESTER,MA,01613,9998,MAIN_PO,P,OPEN,,"9/8/2017, 9:57 PM",2502,25,MA,02,James P. McGovern,McGovern,Democrat,-7992167.0341,5200923.503799997
4B,NORTHEAST (B),020,GREATER BOSTON,V22809,WESTBOROUGH,POST_OFF,150 E MAIN ST,WESTBOROUGH,MA,01581,9998,MAIN_PO,P,OPEN,,"9/8/2017, 9:57 PM",2502,25,MA,02,James P. McGovern,McGovern,Democrat,-7970569.9397,5203527.2809000015
4B,NORTHEAST (B),020,GREATER BOSTON,V21393,ACTON,POST_OFF,7 POST OFFICE SQ,ACTON,MA,01720,9998,MAIN_PO,P,OPEN,,"3/9/2018, 3:00 PM",2503,25,MA,03,Niki Tsongas,Tsongas,Democrat,-7950960.3435,5234341.127400003
4B,NORTHEAST (B),020,GREATER BOSTON,V21481,BERLIN,POST_OFF,260 PLEASANT ST,BERLIN,MA,01503,9998,MAIN_PO,P,OPEN,,"3/9/2018, 3:00 PM",2503,25,MA,03,Niki Tsongas,Tsongas,Democrat,-7973608.405200001,5215148.811999999
4B,NORTHEAST (B),020,GREATER BOSTON,V21501,BOLTON,POST_OFF,1092 MAIN ST,BOLTON,MA,01740,9998,APO,P,OPEN,,"9/8/2017, 9:57 PM",2503,25,MA,03,Niki Tsongas,Tsongas,Democrat,-7974500.630899999,5228603.5995000005
4B,NORTHEAST (B),020,GREATER BOSTON,V21581,CARLISLE,POST_OFF,70 BEDFORD RD,CARLISLE,MA,01741,1891,MAIN_PO,P,OPEN,,"9/8/2017, 9:57 PM",2503,25,MA,03,Niki Tsongas,Tsongas,Democrat,-7942216.7541,5240519.593800001
4B,NORTHEAST (B),020,GREATER BOSTON,V21625,CLINTON,POST_OFF,320 HIGH ST,CLINTON,MA,01510,9998,MAIN_PO,P,OPEN,,"3/15/2018, 10:00 AM",2503,25,MA,03,Niki Tsongas,Tsongas,Democrat,-7979922.892000001,5224204.456799999
4B,NORTHEAST (B),020,GREATER BOSTON,V21636,CONCORD,POST_OFF,34 WALDEN ST,CONCORD,MA,01742,9998,MAIN_PO,P,OPEN,,"9/8/2017, 9:57 PM",2503,25,MA,03,Niki Tsongas,Tsongas,Democrat,-7942649.2303,5229975.5264
4B,NORTHEAST (B),020,GREATER BOSTON,V28255,DEVENS,POST_OFF,240 BARNUM RD,DEVENS,MA,01434,5223,FIN_S,S,OPEN,,"9/8/2017, 9:57 PM",2503,25,MA,03,Niki Tsongas,Tsongas,Democrat,-7970937.961999999,5242060.6501
4B,NORTHEAST (B),020,GREATER BOSTON,V21874,HARWOOD,POST_OFF,7 TAYLOR ST,LITTLETON,MA,01460,1400,FIN_S,S,OPEN,,"9/8/2017, 9:57 PM",2503,25,MA,03,Niki Tsongas,Tsongas,Democrat,-7960746.2173,5241868.325400002
4B,NORTHEAST (B),020,GREATER BOSTON,V21914,HUDSON,POST_OFF,25 CHURCH ST,HUDSON,MA,01749,9998,MAIN_PO,P,OPEN,,"9/8/2017, 9:57 PM",2503,25,MA,03,Niki Tsongas,Tsongas,Democrat,-7966768.1565,5219963.362599999
4B,NORTHEAST (B),020,GREATER BOSTON,V21868,HARVARD,POST_OFF,215 AYER RD,HARVARD,MA,01451,9998,MAIN_PO,P,OPEN,,"9/8/2017, 9:57 PM",2503,25,MA,03,Niki Tsongas,Tsongas,Democrat,-7968107.886499999,5240621.255599998
4B,NORTHEAST (B),020,GREATER BOSTON,V21961,LANCASTER,POST_OFF,771 MAIN ST,LANCASTER,MA,01523,9998,MAIN_PO,P,OPEN,,"3/9/2018, 3:00 PM",2503,25,MA,03,Niki Tsongas,Tsongas,Democrat,-7978650.732899999,5229626.980999999
4B,NORTHEAST (B),020,GREATER BOSTON,V21988,LITTLETON,POST_OFF,451 KING ST,LITTLETON,MA,01460,9998,MAIN_PO,P,OPEN,,"9/8/2017, 9:57 PM",2503,25,MA,03,Niki Tsongas,Tsongas,Democrat,-7956525.2049,5243007.525300004
4B,NORTHEAST (B),020,GREATER BOSTON,V22041,MAYNARD,POST_OFF,143 MAIN ST,MAYNARD,MA,01754,9998,MAIN_PO,P,OPEN,,"9/8/2017, 9:57 PM",2503,25,MA,03,Niki Tsongas,Tsongas,Democrat,-7954455.7755,5225879.497500002
4B,NORTHEAST (B),020,GREATER BOSTON,V22020,MARLBOROUGH,POST_OFF,20 FLORENCE ST,MARLBOROUGH,MA,01752,9998,MAIN_PO,P,OPEN,,"9/8/2017, 9:57 PM",2503,25,MA,03,Niki Tsongas,Tsongas,Democrat,-7964724.4419,5212950.755599998
4B,NORTHEAST (B),020,GREATER BOSTON,V22625,STOW,POST_OFF,179 GREAT RD,STOW,MA,01775,9998,MAIN_PO,P,OPEN,,"9/8/2017, 9:57 PM",2503,25,MA,03,Niki Tsongas,Tsongas,Democrat,-7958021.3388,5226297.738499999
4B,NORTHEAST (B),020,GREATER BOSTON,V22513,SOUTH LANCASTER,POST_OFF,93 SAWYER ST,SOUTH LANCASTER,MA,01561,9800,MAIN_PO,P,OPEN,,"9/8/2017, 9:57 PM",2503,25,MA,03,Niki Tsongas,Tsongas,Democrat,-7980131.949999999,5227567.657300003
4B,NORTHEAST (B),020,GREATER BOSTON,V22444,SHIRLEY,POST_OFF,23 MAIN ST,SHIRLEY,MA,01464,9998,MAIN_PO,P,OPEN,,"9/8/2017, 9:57 PM",2503,25,MA,03,Niki Tsongas,Tsongas,Democrat,-7976461.301100001,5242833.010300003
4B,NORTHEAST (B),020,GREATER BOSTON,V22617,STILL RIVER,POST_OFF,206 STILL RIVER RD,STILL RIVER,MA,01467,9800,RMPO,P,OPEN,,"9/8/2017, 9:57 PM",2503,25,MA,03,Niki Tsongas,Tsongas,Democrat,-7972396.024700001,5235007.6303
4B,NORTHEAST (B),020,GREATER BOSTON,V22761,WEST CONCORD,POST_OFF,35 BEHARRELL ST,CONCORD,MA,01742,2968,FIN_S,S,OPEN,,"9/8/2017, 9:57 PM",2503,25,MA,03,Niki Tsongas,Tsongas,Democrat,-7947667.4016,5229804.118900001
4B,NORTHEAST (B),020,GREATER BOSTON,V22811,WESTFORD,POST_OFF,301 LITTLETON RD,WESTFORD,MA,01886,6000,MAIN_PO,P,OPEN,,"3/12/2018, 9:15 AM",2503,25,MA,03,Niki Tsongas,Tsongas,Democrat,-7953045.5802,5244715.374200001
4B,NORTHEAST (B),020,GREATER BOSTON,V22749,WEST ACTON,POST_OFF,241 ARLINGTON ST,ACTON,MA,01720,2200,FIN_S,S,OPEN,,"9/8/2017, 9:57 PM",2503,25,MA,03,Niki Tsongas,Tsongas,Democrat,-7956356.5558,5232760.4278
4B,NORTHEAST (B),020,GREATER BOSTON,V21672,DOVER,POST_OFF,5 WALPOLE ST,DOVER,MA,02030,9998,MAIN_PO,P,OPEN,,"9/8/2017, 9:57 PM",2504,25,MA,04,Joseph P. Kennedy III,Kennedy,Democrat,-7934809.555199999,5197421.635799997
4B,NORTHEAST (B),020,GREATER BOSTON,V21907,HOPKINTON,POST_OFF,5 CEDAR ST,HOPKINTON,MA,01748,9998,APO,P,OPEN,,"9/8/2017, 9:57 PM",2504,25,MA,04,Joseph P. Kennedy III,Kennedy,Democrat,-7961874.7743,5195425.529799998
4B,NORTHEAST (B),020,GREATER BOSTON,V22043,MEDFIELD,POST_OFF,60 NORTH ST,MEDFIELD,MA,02052,9998,MAIN_PO,P,OPEN,,"9/8/2017, 9:57 PM",2504,25,MA,04,Joseph P. Kennedy III,Kennedy,Democrat,-7937967.689099999,5189208.807400003
4B,NORTHEAST (B),020,GREATER BOSTON,V22169,NEWTON CENTER CARRIER ANNEX,POST_OFF,211 SUMNER ST,NEWTON CENTER,MA,02459,9998,CARR_ANNX,4,OPEN,,"9/8/2017, 9:57 PM",2504,25,MA,04,Joseph P. Kennedy III,Kennedy,Democrat,-7925125.0934,5210698.096600004
4B,NORTHEAST (B),020,GREATER BOSTON,V22860,WOODVILLE,POST_OFF,234 WOOD ST,WOODVILLE,MA,01784,9800,RMPO,P,OPEN,,"9/8/2017, 9:57 PM",2504,25,MA,04,Joseph P. Kennedy III,Kennedy,Democrat,-7966300.169299999,5196715.673500001
4B,NORTHEAST (B),020,GREATER BOSTON,000308,NEWTON CENTER,POST_OFF,716 BEACON ST,NEWTON CENTER,MA,02459,9997,FIN_B,B,OPEN,,"3/15/2018, 10:15 AM",2504,25,MA,04,Joseph P. Kennedy III,Kennedy,Democrat,-7924837.6665,5210626.420299999
4B,NORTHEAST (B),020,GREATER BOSTON,V21442,AUBURNDALE,POST_OFF,2122 COMMONWEALTH AVE,AUBURNDALE,MA,02466,9998,BRANCH,B,OPEN,,"9/8/2017, 9:57 PM",2504,25,MA,04,Joseph P. Kennedy III,Kennedy,Democrat,-7931348.854900001,5213211.928900003
4B,NORTHEAST (B),020,GREATER BOSTON,V21445,BABSON PARK,POST_OFF,231 FOREST ST,WELLESLEY HILLS,MA,02481,6834,FIN_B,B,OPEN,,"9/8/2017, 9:57 PM",2504,25,MA,04,Joseph P. Kennedy III,Kennedy,Democrat,-7932887.7355,5205875.761799999
4B,NORTHEAST (B),020,GREATER BOSTON,V21511,BOSTON COLLEGE,POST_OFF,136 COMMONWEALTH AVE,CHESTNUT HILL,MA,02467,9991,FND_B,B,OPEN,,"3/15/2018, 10:00 AM",2504,25,MA,04,Joseph P. Kennedy III,Kennedy,Democrat,-7922824.7875,5211032.693599999
4B,NORTHEAST (B),020,GREATER BOSTON,V21558,BROOKLINE,POST_OFF,1295 BEACON ST,BROOKLINE,MA,02446,9998,BRANCH,B,OPEN,,"9/8/2017, 9:57 PM",2504,25,MA,04,Joseph P. Kennedy III,Kennedy,Democrat,-7917012.0176,5212370.145400003
4B,NORTHEAST (B),020,GREATER BOSTON,V21560,BROOKLINE VILLAGE,POST_OFF,207 WASHINGTON ST,BROOKLINE,MA,02445,9998,FIN_B,B,OPEN,,"9/8/2017, 9:57 PM",2504,25,MA,04,Joseph P. Kennedy III,Kennedy,Democrat,-7916845.595000001,5210901.082000002
4B,NORTHEAST (B),020,GREATER BOSTON,V21615,CHESTNUT HILL,POST_OFF,12 MIDDLESEX RD,CHESTNUT HILL,MA,02467,9998,BRANCH,B,OPEN,,"9/8/2017, 9:57 PM",2504,25,MA,04,Joseph P. Kennedy III,Kennedy,Democrat,-7922049.781199999,5209986.778499998
4B,NORTHEAST (B),020,GREATER BOSTON,V22142,NEEDHAM,POST_OFF,1150 GREAT PLAIN AVE,NEEDHAM,MA,02492,9998,BRANCH,B,OPEN,,"9/8/2017, 9:57 PM",2504,25,MA,04,Joseph P. Kennedy III,Kennedy,Democrat,-7930406.0901,5203001.262400001
4B,NORTHEAST (B),020,GREATER BOSTON,V22143,NEEDHAM HEIGHTS,POST_OFF,844 HIGHLAND AVE,NEEDHAM HEIGHTS,MA,02494,9998,FIN_B,B,OPEN,,"3/15/2018, 10:15 AM",2504,25,MA,04,Joseph P. Kennedy III,Kennedy,Democrat,-7929853.611500001,5205188.282499999
4B,NORTHEAST (B),020,GREATER BOSTON,V22175,NEWTON HIGHLANDS,POST_OFF,63 LINCOLN ST,NEWTON HIGHLANDS,MA,02461,9998,BRANCH,B,OPEN,,"9/8/2017, 9:57 PM",2504,25,MA,04,Joseph P. Kennedy III,Kennedy,Democrat,-7926897.4111,5209266.329700001
4B,NORTHEAST (B),020,GREATER BOSTON,V22177,NEWTON LOWER FALLS,POST_OFF,2344 WASHINGTON ST STE 1,NEWTON LOWER FALLS,MA,02462,9998,FIN_B,B,OPEN,,"9/8/2017, 9:57 PM",2504,25,MA,04,Joseph P. Kennedy III,Kennedy,Democrat,-7932320.1174,5209825.067900002
4B,NORTHEAST (B),020,GREATER BOSTON,V22178,NEWTON UPPER FALLS,POST_OFF,81 OAK ST,NEWTON UPPER FALLS,MA,02464,9998,FIN_B,B,OPEN,,"3/15/2018, 10:15 AM",2504,25,MA,04,Joseph P. Kennedy III,Kennedy,Democrat,-7928276.659499999,5207510.8323
4B,NORTHEAST (B),020,GREATER BOSTON,V22179,NEWTONVILLE,POST_OFF,897 WASHINGTON ST,NEWTONVILLE,MA,02460,9998,BRANCH,B,OPEN,,"9/8/2017, 9:57 PM",2504,25,MA,04,Joseph P. Kennedy III,Kennedy,Democrat,-7927008.7305,5213773.460699998
4B,NORTHEAST (B),020,GREATER BOSTON,V22197,NONANTUM,POST_OFF,326 WATERTOWN ST,NEWTON,MA,02458,9998,FIN_B,B,OPEN,,"9/8/2017, 9:57 PM",2504,25,MA,04,Joseph P. Kennedy III,Kennedy,Democrat,-7925904.886499999,5215173.217699997
4B,NORTHEAST (B),020,GREATER BOSTON,V22708,WABAN,POST_OFF,83 WYMAN ST,WABAN,MA,02468,9998,BRANCH,B,OPEN,,"9/8/2017, 9:57 PM",2504,25,MA,04,Joseph P. Kennedy III,Kennedy,Democrat,-7929274.0822,5209969.613499999
4B,NORTHEAST (B),020,GREATER BOSTON,V22736,WELLESLEY,POST_OFF,1 GROVE ST,WELLESLEY,MA,02482,9998,BRANCH,B,OPEN,,"9/8/2017, 9:57 PM",2504,25,MA,04,Joseph P. Kennedy III,Kennedy,Democrat,-7936390.514599999,5205648.803800002
4B,NORTHEAST (B),020,GREATER BOSTON,V22739,WELLESLEY HILLS,POST_OFF,337 WASHINGTON ST,WELLESLEY HILLS,MA,02481,9998,BRANCH,B,OPEN,,"9/8/2017, 9:57 PM",2504,25,MA,04,Joseph P. Kennedy III,Kennedy,Democrat,-7934479.6042,5207615.902999997
4B,NORTHEAST (B),020,GREATER BOSTON,V22784,WEST NEWTON,POST_OFF,525 WALTHAM ST,WEST NEWTON,MA,02465,9998,BRANCH,B,OPEN,,"9/8/2017, 9:57 PM",2504,25,MA,04,Joseph P. Kennedy III,Kennedy,Democrat,-7928909.2882,5213511.217600003
4B,NORTHEAST (B),020,GREATER BOSTON,001825,BROOKLINE PHANTOM,NON_FAC,1295 BEACON ST,BROOKLINE,MA,02446,9998,PHANTOM_S,P,OPEN,,"9/8/2017, 9:57 PM",2504,25,MA,04,Joseph P. Kennedy III,Kennedy,Democrat,-7917012.0176,5212370.145400003
4B,NORTHEAST (B),020,GREATER BOSTON,001773,NEEDHAM PHANTOM,NON_FAC,1150 GREAT PLAIN AVE,NEEDHAM,MA,02492,9998,PHANTOM_S,P,OPEN,,"9/8/2017, 9:57 PM",2504,25,MA,04,Joseph P. Kennedy III,Kennedy,Democrat,-7930406.0901,5203001.262400001
4B,NORTHEAST (B),020,GREATER BOSTON,001827,NEWTON PHANTOM,NON_FAC,211 SUMNER ST,NEWTON CENTER,MA,02459,9998,PHANTOM_S,P,OPEN,,"9/8/2017, 9:57 PM",2504,25,MA,04,Joseph P. Kennedy III,Kennedy,Democrat,-7925125.0934,5210698.096600004
4B,NORTHEAST (B),020,GREATER BOSTON,001830,WELLESLEY PHANTOM,NON_FAC,1 GROVE ST,WELLESLEY,MA,02482,9998,PHANTOM_S,P,OPEN,,"9/8/2017, 9:57 PM",2504,25,MA,04,Joseph P. Kennedy III,Kennedy,Democrat,-7936390.514599999,5205648.803800002
4B,NORTHEAST (B),020,GREATER BOSTON,V21426,ASHLAND,POST_OFF,205 MAIN ST,ASHLAND,MA,01721,9998,MAIN_PO,P,OPEN,,"10/26/2020, 9:00 AM",2505,25,MA,05,Katherine M. Clark,Clark,Democrat,-7955334.420299999,5199881.711900003
4B,NORTHEAST (B),020,GREATER BOSTON,V21576,CAMBRIDGE,POST_OFF,770 MASSACHUSETTS AVE,CAMBRIDGE,MA,02139,9998,MAIN_PO,P,OPEN,,"9/8/2017, 9:57 PM",2505,25,MA,05,Katherine M. Clark,Clark,Democrat,-7915482.0426,5216007.717100002
4B,NORTHEAST (B),020,GREATER BOSTON,V21628,COCHITUATE,POST_OFF,148 COMMONWEALTH RD,WAYLAND,MA,01778,4837,FIN_S,S,OPEN,,"9/8/2017, 9:57 PM",2505,25,MA,05,Katherine M. Clark,Clark,Democrat,-7944283.1778,5208648.609200001
4B,NORTHEAST (B),020,GREATER BOSTON,V21802,FRAMINGHAM CENTER,POST_OFF,855 WORCESTER RD,FRAMINGHAM,MA,01701,5258,FIN_S,S,OPEN,,"3/12/2018, 9:30 AM",2505,25,MA,05,Katherine M. Clark,Clark,Democrat,-7951756.723099999,5206084.9651999995
4B,NORTHEAST (B),020,GREATER BOSTON,V21800,FRAMINGHAM,POST_OFF,330 COCHITUATE RD,FRAMINGHAM,MA,01701,9998,MAIN_PO,P,OPEN,,"9/8/2017, 9:57 PM",2505,25,MA,05,Katherine M. Clark,Clark,Democrat,-7948405.7838,5206592.942400001
4B,NORTHEAST (B),020,GREATER BOSTON,V21901,HOLLISTON,POST_OFF,1661 WASHINGTON ST,HOLLISTON,MA,01746,9998,MAIN_PO,P,OPEN,,"9/8/2017, 9:57 PM",2505,25,MA,05,Katherine M. Clark,Clark,Democrat,-7954230.0196,5187920.584700003
4B,NORTHEAST (B),020,GREATER BOSTON,V21928,INMAN SQUARE,POST_OFF,1311 CAMBRIDGE ST,CAMBRIDGE,MA,02139,9991,FIN_S,S,OPEN,,"9/8/2017, 9:57 PM",2505,25,MA,05,Katherine M. Clark,Clark,Democrat,-7914761.6941,5217131.4472
4B,NORTHEAST (B),020,GREATER BOSTON,V21983,LINCOLN CENTER,POST_OFF,17 LINCOLN RD,LINCOLN,MA,01773,2012,FIN_S,S,OPEN,,"3/9/2018, 3:00 PM",2505,25,MA,05,Katherine M. Clark,Clark,Democrat,-7937990.7323,5224721.3999999985
4B,NORTHEAST (B),020,GREATER BOSTON,V21981,LINCOLN,POST_OFF,145 LINCOLN RD,LINCOLN,MA,01773,9998,MAIN_PO,P,OPEN,,"3/9/2018, 3:00 PM",2505,25,MA,05,Katherine M. Clark,Clark,Democrat,-7939929.806500001,5223259.4648
4B,NORTHEAST (B),020,GREATER BOSTON,V22140,NATICK,POST_OFF,18 HURON DR,NATICK,MA,01760,5076,MAIN_PO,P,OPEN,,"9/8/2017, 9:57 PM",2505,25,MA,05,Katherine M. Clark,Clark,Democrat,-7941658.7095,5208211.7277000025
4B,NORTHEAST (B),020,GREATER BOSTON,V27722,NATICK STATION,POST_OFF,15 COMMON ST,NATICK,MA,01760,4762,FIN_S,S,OPEN,,"9/8/2017, 9:57 PM",2505,25,MA,05,Katherine M. Clark,Clark,Democrat,-7942198.163699999,5203417.289999999
4B,NORTHEAST (B),020,GREATER BOSTON,V22326,PORTER SQUARE CARRIER ANNEX,POST_OFF,15 MOONEY ST,CAMBRIDGE,MA,02138,9991,CARR_ANNX,4,OPEN,,"9/8/2017, 9:57 PM",2505,25,MA,05,Katherine M. Clark,Clark,Democrat,-7920474.4991,5220299.191699997
4B,NORTHEAST (B),020,GREATER BOSTON,001167,PORTER SQUARE,POST_OFF,1953 MASSACHUSETTS AVE,CAMBRIDGE,MA,02140,9998,FIN_S,S,OPEN,,"9/8/2017, 9:57 PM",2505,25,MA,05,Katherine M. Clark,Clark,Democrat,-7917065.7849,5219563.789800003
4B,NORTHEAST (B),020,GREATER BOSTON,001295,REVERE CARRIER ANNEX,POST_OFF,140 WARD ST,REVERE,MA,02151,9990,CARR_ANNX,4,OPEN,,"9/8/2017, 9:57 PM",2505,25,MA,05,Katherine M. Clark,Clark,Democrat,-7904565.607999999,5224801.0249999985
4B,NORTHEAST (B),020,GREATER BOSTON,V22506,FRAMINGHAM SOUTH,POST_OFF,43 PARK ST,FRAMINGHAM,MA,01702,6664,FIN_S,S,OPEN,,"9/8/2017, 9:57 PM",2505,25,MA,05,Katherine M. Clark,Clark,Democrat,-7950306.564099999,5202755.566399999
4B,NORTHEAST (B),020,GREATER BOSTON,V22540,SOUTHBOROUGH,POST_OFF,164 CORDAVILLE RD,SOUTHBOROUGH,MA,01772,9998,MAIN_PO,P,OPEN,,"9/8/2017, 9:57 PM",2505,25,MA,05,Katherine M. Clark,Clark,Democrat,-7962182.350099999,5204040.688600004
4B,NORTHEAST (B),020,GREATER BOSTON,V22627,SUDBURY,POST_OFF,18 UNION AVE,SUDBURY,MA,01776,9998,MAIN_PO,P,OPEN,,"9/8/2017, 9:57 PM",2505,25,MA,05,Katherine M. Clark,Clark,Democrat,-7950634.288699999,5215351.440899998
4B,NORTHEAST (B),020,GREATER BOSTON,V22442,SHERBORN,POST_OFF,29 N MAIN ST STE 3,SHERBORN,MA,01770,9998,MAIN_PO,P,OPEN,,"9/8/2017, 9:57 PM",2505,25,MA,05,Katherine M. Clark,Clark,Democrat,-7944810.3869,5198000.127899997
4B,NORTHEAST (B),020,GREATER BOSTON,V22421,SAXONVILLE,POST_OFF,31 NICHOLAS RD,FRAMINGHAM,MA,01701,3465,FIN_S,S,OPEN,,"9/8/2017, 9:57 PM",2505,25,MA,05,Katherine M. Clark,Clark,Democrat,-7948429.494899999,5210082.240199998
4B,NORTHEAST (B),020,GREATER BOSTON,V22848,WINCHESTER,POST_OFF,48 WATERFIELD RD,WINCHESTER,MA,01890,9998,MAIN_PO,P,OPEN,,"9/8/2017, 9:57 PM",2505,25,MA,05,Katherine M. Clark,Clark,Democrat,-7918934.06,5228848.005999997
4B,NORTHEAST (B),020,GREATER BOSTON,V27325,WOBURN CENTER,POST_OFF,2 ABBOTT ST,WOBURN,MA,01801,9991,FIN_S,S,OPEN,,"9/8/2017, 9:57 PM",2505,25,MA,05,Katherine M. Clark,Clark,Democrat,-7920810.35,5233162.370200001
4B,NORTHEAST (B),020,GREATER BOSTON,V22856,WOBURN,POST_OFF,462 WASHINGTON ST,WOBURN,MA,01801,9998,MAIN_PO,P,OPEN,,"9/8/2017, 9:57 PM",2505,25,MA,05,Katherine M. Clark,Clark,Democrat,-7917858.491,5237197.5331000015
4B,NORTHEAST (B),020,GREATER BOSTON,V22730,WAYLAND,POST_OFF,277 BOSTON POST RD,WAYLAND,MA,01778,9998,MAIN_PO,P,OPEN,,"9/8/2017, 9:57 PM",2505,25,MA,05,Katherine M. Clark,Clark,Democrat,-7944176.3111,5215479.950599998
4B,NORTHEAST (B),020,GREATER BOSTON,000874,WALTHAM CARRIER ANNEX,POST_OFF,200 SMITH ST RM 101,WALTHAM,MA,02451,0097,CARR_ANNX,4,OPEN,,"9/8/2017, 9:57 PM",2505,25,MA,05,Katherine M. Clark,Clark,Democrat,-7931992.5042,5223873.465099998
4B,NORTHEAST (B),020,GREATER BOSTON,V21417,ARLINGTON,POST_OFF,10 COURT ST,ARLINGTON,MA,02476,9998,BRANCH,B,OPEN,,"9/8/2017, 9:57 PM",2505,25,MA,05,Katherine M. Clark,Clark,Democrat,-7921020.966499999,5223635.670999996
4B,NORTHEAST (B),020,GREATER BOSTON,V21419,ARLINGTON HEIGHTS,POST_OFF,1347 MASSACHUSETTS AVE,ARLINGTON,MA,02476,4101,FIN_B,B,OPEN,,"9/8/2017, 9:57 PM",2505,25,MA,05,Katherine M. Clark,Clark,Democrat,-7924124.1086,5224782.475900002
4B,NORTHEAST (B),020,GREATER BOSTON,V21466,BEACH,POST_OFF,151 VFW PKWY STE 3,REVERE,MA,02151,9991,FND_B,B,OPEN,,"3/9/2018, 3:00 PM",2505,25,MA,05,Katherine M. Clark,Clark,Democrat,-7903135.820499999,5222670.230800003
4B,NORTHEAST (B),020,GREATER BOSTON,V21476,BELMONT,POST_OFF,405 CONCORD AVE,BELMONT,MA,02478,9998,BRANCH,B,OPEN,,"9/8/2017, 9:57 PM",2505,25,MA,05,Katherine M. Clark,Clark,Democrat,-7923099.9693,5220455.202500001
4B,NORTHEAST (B),020,GREATER BOSTON,V21703,EAST ARLINGTON,POST_OFF,240 MASSACHUSETTS AVE,ARLINGTON,MA,02474,9998,FIN_B,B,OPEN,,"9/8/2017, 9:57 PM",2505,25,MA,05,Katherine M. Clark,Clark,Democrat,-7919712.739800001,5222119.478100002
4B,NORTHEAST (B),020,GREATER BOSTON,V21746,EAST WATERTOWN,POST_OFF,589 MOUNT AUBURN ST,WATERTOWN,MA,02472,9991,FND_B,B,OPEN,,"3/15/2018, 10:00 AM",2505,25,MA,05,Katherine M. Clark,Clark,Democrat,-7921372.8474,5216631.944899999
4B,NORTHEAST (B),020,GREATER BOSTON,V21863,HANSCOM AFB,POST_OFF,50 GRIFFISS ST,HANSCOM AFB,MA,01731,1645,FND_B,B,OPEN,,"3/15/2018, 10:00 AM",2505,25,MA,05,Katherine M. Clark,Clark,Democrat,-7935675.286900001,5230356.2250000015
4B,NORTHEAST (B),020,GREATER BOSTON,V21870,HARVARD SQUARE,POST_OFF,125 MOUNT AUBURN ST STE 1,CAMBRIDGE,MA,02138,9998,FIN_S,S,OPEN,,"9/8/2017, 9:57 PM",2505,25,MA,05,Katherine M. Clark,Clark,Democrat,-7917373.471999999,5217110.9542
4B,NORTHEAST (B),020,GREATER BOSTON,V21978,LEXINGTON,POST_OFF,1661 MASSACHUSETTS AVE,LEXINGTON,MA,02420,9998,BRANCH,B,OPEN,,"9/8/2017, 9:57 PM",2505,25,MA,05,Katherine M. Clark,Clark,Democrat,-7928753.2183,5228159.308700003
4B,NORTHEAST (B),020,GREATER BOSTON,V22008,MALDEN,POST_OFF,109 MOUNTAIN AVE,MALDEN,MA,02148,9998,BRANCH,B,OPEN,,"3/7/2018, 3:45 PM",2505,25,MA,05,Katherine M. Clark,Clark,Democrat,-7911414.317,5225636.374200001
4B,NORTHEAST (B),020,GREATER BOSTON,V22044,MEDFORD,POST_OFF,20 FOREST ST,MEDFORD,MA,02155,9998,BRANCH,B,OPEN,,"9/8/2017, 9:57 PM",2505,25,MA,05,Katherine M. Clark,Clark,Democrat,-7915874.1098,5223971.781199999
4B,NORTHEAST (B),020,GREATER BOSTON,V22047,MELROSE,POST_OFF,23 ESSEX ST,MELROSE,MA,02176,9998,FIN_B,B,OPEN,,"9/8/2017, 9:57 PM",2505,25,MA,05,Katherine M. Clark,Clark,Democrat,-7910946.663899999,5229625.170400001
4B,NORTHEAST (B),020,GREATER BOSTON,V22165,NEW TOWN,POST_OFF,123 GALEN ST,WATERTOWN,MA,02472,4507,FIN_B,B,OPEN,,"9/8/2017, 9:57 PM",2505,25,MA,05,Katherine M. Clark,Clark,Democrat,-7924359.3267,5215164.630500004
4B,NORTHEAST (B),020,GREATER BOSTON,V22253,NORTH WALTHAM,POST_OFF,854 LEXINGTON ST,WALTHAM,MA,02452,9998,FIN_B,B,OPEN,,"3/15/2018, 10:00 AM",2505,25,MA,05,Katherine M. Clark,Clark,Democrat,-7929827.228700001,5221791.122199997
4B,NORTHEAST (B),020,GREATER BOSTON,V22345,REVERE,POST_OFF,300 BROADWAY LBBY,REVERE,MA,02151,9998,FIN_B,B,OPEN,,"9/8/2017, 9:57 PM",2505,25,MA,05,Katherine M. Clark,Clark,Democrat,-7905207.3649,5222391.005900003
4B,NORTHEAST (B),020,GREATER BOSTON,V22530,SOUTH WALTHAM,POST_OFF,38 SPRUCE ST,WALTHAM,MA,02453,9998,FND_B,B,OPEN,,"3/15/2018, 10:00 AM",2505,25,MA,05,Katherine M. Clark,Clark,Democrat,-7930154.730699999,5216683.626699999
4B,NORTHEAST (B),020,GREATER BOSTON,V22620,STONEHAM,POST_OFF,345 MAIN ST,STONEHAM,MA,02180,9998,BRANCH,B,OPEN,,"3/15/2018, 10:00 AM",2505,25,MA,05,Katherine M. Clark,Clark,Democrat,-7914885.0361,5233235.726899996
4B,NORTHEAST (B),020,GREATER BOSTON,V22657,TUFTS UNIVERSITY,POST_OFF,470 BOSTON AVE,MEDFORD,MA,02155,5802,FIN_B,B,OPEN,,"3/15/2018, 10:00 AM",2505,25,MA,05,Katherine M. Clark,Clark,Democrat,-7916660.915999999,5222120.081100002
4B,NORTHEAST (B),020,GREATER BOSTON,V22715,WALTHAM,POST_OFF,776 MAIN ST,WALTHAM,MA,02451,9998,FIN_B,B,OPEN,,"3/15/2018, 10:00 AM",2505,25,MA,05,Katherine M. Clark,Clark,Democrat,-7930558.3752,5217465.668799996
4B,NORTHEAST (B),020,GREATER BOSTON,V22727,WAVERLEY,POST_OFF,492 TRAPELO RD,BELMONT,MA,02478,1422,FIN_B,B,OPEN,,"9/8/2017, 9:57 PM",2505,25,MA,05,Katherine M. Clark,Clark,Democrat,-7924803.0462,5219175.688199997
4B,NORTHEAST (B),020,GREATER BOSTON,V22779,WEST MEDFORD,POST_OFF,485 HIGH ST,MEDFORD,MA,02155,6735,BRANCH,B,OPEN,,"9/8/2017, 9:57 PM",2505,25,MA,05,Katherine M. Clark,Clark,Democrat,-7918526.073999999,5224325.245200001
4B,NORTHEAST (B),020,GREATER BOSTON,V22814,WESTON,POST_OFF,25 COLPITTS RD,WESTON,MA,02493,9998,BRANCH,B,OPEN,,"9/8/2017, 9:57 PM",2505,25,MA,05,Katherine M. Clark,Clark,Democrat,-7937560.0372,5215930.425999999
4B,NORTHEAST (B),020,GREATER BOSTON,V22853,WINTHROP,POST_OFF,5 MICHAELS MALL,WINTHROP,MA,02152,9998,FIN_B,B,OPEN,,"3/15/2018, 10:00 AM",2505,25,MA,05,Katherine M. Clark,Clark,Democrat,-7902081.1796,5217392.886500001
4B,NORTHEAST (B),020,GREATER BOSTON,V27337,FAYVILLE,POST_OFF,67 TURNPIKE RD,FAYVILLE,MA,01745,2101,FIN_B,B,OPEN,,"9/8/2017, 9:57 PM",2505,25,MA,05,Katherine M. Clark,Clark,Democrat,-7959800.001599999,5205294.531499997
4B,NORTHEAST (B),020,GREATER BOSTON,V27384,WATERTOWN FINANCIAL,POST_OFF,126 MAIN ST,WATERTOWN,MA,02472,4416,FIN_B,B,OPEN,,"9/8/2017, 9:57 PM",2505,25,MA,05,Katherine M. Clark,Clark,Democrat,-7924552.9113,5216140.002300002
4B,NORTHEAST (B),020,GREATER BOSTON,004335,SUDBURY CENTER,POST_OFF,517 BOSTON POST RD,SUDBURY,MA,01776,3393,FIN_S,S,OPEN,,"9/8/2017, 9:57 PM",2505,25,MA,05,Katherine M. Clark,Clark,Democrat,-7951588.742000001,5214933.8342999965
4B,NORTHEAST (B),020,GREATER BOSTON,010913,WATERTOWN ANNEX AT WALTHAM,POST_OFF,170 HIGH ST,WALTHAM,MA,02453,5914,CARR_ANNX,4,OPEN,,"9/8/2017, 9:57 PM",2505,25,MA,05,Katherine M. Clark,Clark,Democrat,-7929243.803300001,5216053.067500003
4B,NORTHEAST (B),020,GREATER BOSTON,001832,BELMONT PHANTOM,NON_FAC,405 CONCORD AVE,BELMONT,MA,02478,9998,PHANTOM_S,P,OPEN,,"9/8/2017, 9:57 PM",2505,25,MA,05,Katherine M. Clark,Clark,Democrat,-7923099.9693,5220455.202500001
4B,NORTHEAST (B),020,GREATER BOSTON,001824,LEXINGTON PHANTOM,NON_FAC,1661 MASSACHUSETTS AVE,LEXINGTON,MA,02420,9998,PHANTOM_S,P,OPEN,,"9/8/2017, 9:57 PM",2505,25,MA,05,Katherine M. Clark,Clark,Democrat,-7928753.2183,5228159.4595
4B,NORTHEAST (B),020,GREATER BOSTON,001826,WALTHAM PHANTOM,NON_FAC,776 MAIN ST,WALTHAM,MA,02451,9998,PHANTOM_S,P,OPEN,,"9/8/2017, 9:57 PM",2505,25,MA,05,Katherine M. Clark,Clark,Democrat,-7930536.556500001,5217503.3411
4B,NORTHEAST (B),020,GREATER BOSTON,001831,WATERTOWN PHANTOM,NON_FAC,170 HIGH ST,WALTHAM,MA,02453,5914,PHANTOM_S,P,OPEN,,"9/8/2017, 9:57 PM",2505,25,MA,05,Katherine M. Clark,Clark,Democrat,-7929243.803300001,5216053.067500003
4B,NORTHEAST (B),020,GREATER BOSTON,001833,WESTON PHANTOM,NON_FAC,25 COLPITTS RD,WESTON,MA,02493,9998,PHANTOM_S,P,OPEN,,"9/8/2017, 9:57 PM",2505,25,MA,05,Katherine M. Clark,Clark,Democrat,-7937560.0372,5215930.425999999
4B,NORTHEAST (B),020,GREATER BOSTON,001771,ARLINGTON PHANTOM,NON_FAC,10 COURT ST,ARLINGTON,MA,02476,9998,PHANTOM_S,P,OPEN,,"9/8/2017, 9:57 PM",2505,25,MA,05,Katherine M. Clark,Clark,Democrat,-7921020.966499999,5223635.670999996
4B,NORTHEAST (B),020,GREATER BOSTON,001817,WINTHROP PHANTOM,NON_FAC,5 MICHAELS MALL,WINTHROP,MA,02152,9998,PHANTOM_S,P,OPEN,,"9/8/2017, 9:57 PM",2505,25,MA,05,Katherine M. Clark,Clark,Democrat,-7902188.6029,5217485.107699998
4B,NORTHEAST (B),020,GREATER BOSTON,001815,REVERE PHANTOM,NON_FAC,300 BROADWAY LBBY,REVERE,MA,02151,9998,PHANTOM_S,P,OPEN,,"9/8/2017, 9:57 PM",2505,25,MA,05,Katherine M. Clark,Clark,Democrat,-7905168.848300001,5222375.476899996
4B,NORTHEAST (B),020,GREATER BOSTON,001814,MALDEN PHANTOM,NON_FAC,109 MOUNTAIN AVE,MALDEN,MA,02148,9998,PHANTOM_S,P,OPEN,,"9/8/2017, 9:57 PM",2505,25,MA,05,Katherine M. Clark,Clark,Democrat,-7911442.926200001,5225673.174099997
4B,NORTHEAST (B),020,GREATER BOSTON,001844,MELROSE PHANTOM,NON_FAC,23 ESSEX ST,MELROSE,MA,02176,9998,PHANTOM_S,P,OPEN,,"9/8/2017, 9:57 PM",2505,25,MA,05,Katherine M. Clark,Clark,Democrat,-7910962.1373,5229589.4113000035
4B,NORTHEAST (B),020,GREATER BOSTON,001818,MEDFORD PHANTOM,NON_FAC,20 FOREST ST,MEDFORD,MA,02155,9998,PHANTOM_S,P,OPEN,,"9/8/2017, 9:57 PM",2505,25,MA,05,Katherine M. Clark,Clark,Democrat,-7915874.1098,5223971.781199999
4B,NORTHEAST (B),020,GREATER BOSTON,001820,STONEHAM PHANTOM,NON_FAC,345 MAIN ST,STONEHAM,MA,02180,9998,PHANTOM_S,P,OPEN,,"9/8/2017, 9:57 PM",2505,25,MA,05,Katherine M. Clark,Clark,Democrat,-7914885.0361,5233235.726899996
4B,NORTHEAST (B),020,GREATER BOSTON,V21484,BEVERLY,POST_OFF,151 RANTOUL ST,BEVERLY,MA,01915,9998,MAIN_PO,P,OPEN,,"9/8/2017, 9:57 PM",2506,25,MA,06,Seth Moulton,Moulton,Democrat,-7890765.4421,5243299.146300003
4B,NORTHEAST (B),020,GREATER BOSTON,V21489,BILLERICA,POST_OFF,460 BOSTON RD,BILLERICA,MA,01821,9998,MAIN_PO,P,OPEN,,"9/8/2017, 9:57 PM",2506,25,MA,06,Seth Moulton,Moulton,Democrat,-7933481.625,5244907.454800002
4B,NORTHEAST (B),020,GREATER BOSTON,V21569,BURLINGTON,POST_OFF,5 BEDFORD ST,BURLINGTON,MA,01803,9998,MAIN_PO,P,OPEN,,"9/8/2017, 9:57 PM",2506,25,MA,06,Seth Moulton,Moulton,Democrat,-7925265.133400001,5236811.877700001
4B,NORTHEAST (B),020,GREATER BOSTON,V21726,EAST LYNN,POST_OFF,245 MAPLE ST,LYNN,MA,01904,9998,FIN_S,S,OPEN,,"9/8/2017, 9:57 PM",2506,25,MA,06,Seth Moulton,Moulton,Democrat,-7898147.8167,5232889.627099998
4B,NORTHEAST (B),020,GREATER BOSTON,V28215,CUMMINGS CENTER,POST_OFF,100 CUMMINGS CTR STE 108F,BEVERLY,MA,01915,9993,FIN_S,S,OPEN,,"3/15/2018, 10:00 AM",2506,25,MA,06,Seth Moulton,Moulton,Democrat,-7891000.8828,5244953.6998
4B,NORTHEAST (B),020,GREATER BOSTON,V21847,GREENWOOD,POST_OFF,1179 MAIN ST STE 1,WAKEFIELD,MA,01880,9991,FIN_S,S,OPEN,,"9/8/2017, 9:57 PM",2506,25,MA,06,Seth Moulton,Moulton,Democrat,-7910639.533399999,5232649.342
4B,NORTHEAST (B),020,GREATER BOSTON,V22016,MARBLEHEAD,POST_OFF,27 SMITH ST,MARBLEHEAD,MA,01945,9998,MAIN_PO,P,OPEN,,"9/8/2017, 9:57 PM",2506,25,MA,06,Seth Moulton,Moulton,Democrat,-7888796.756899999,5235118.140000001
4B,NORTHEAST (B),020,GREATER BOSTON,V21999,LYNN,POST_OFF,51 WILLOW ST,LYNN,MA,01901,9998,MAIN_PO,P,OPEN,,"9/8/2017, 9:57 PM",2506,25,MA,06,Seth Moulton,Moulton,Democrat,-7897686.7314,5230885.275200002
4B,NORTHEAST (B),020,GREATER BOSTON,V22000,LYNNFIELD,POST_OFF,38 SUMMER ST,LYNNFIELD,MA,01940,9998,MAIN_PO,P,OPEN,,"9/8/2017, 9:57 PM",2506,25,MA,06,Seth Moulton,Moulton,Democrat,-7908955.0469,5242085.125399999
4B,NORTHEAST (B),020,GREATER BOSTON,V22298,PEABODY,POST_OFF,4 ESSEX CENTER DR,PEABODY,MA,01960,9998,MAIN_PO,P,OPEN,,"9/8/2017, 9:57 PM",2506,25,MA,06,Seth Moulton,Moulton,Democrat,-7898020.6899,5241895.9727
4B,NORTHEAST (B),020,GREATER BOSTON,V22310,PINEHURST,POST_OFF,880 BOSTON RD STE I,PINEHURST,MA,01866,9800,MAIN_PO,P,OPEN,,"9/8/2017, 9:57 PM",2506,25,MA,06,Seth Moulton,Moulton,Democrat,-7928786.502800001,5240308.267700002
4B,NORTHEAST (B),020,GREATER BOSTON,V22266,NUTTING LAKE,POST_OFF,612 MIDDLESEX TPKE,NUTTING LAKE,MA,01865,9800,MAIN_PO,P,OPEN,,"6/9/2020, 12:00 PM",2506,25,MA,06,Seth Moulton,Moulton,Democrat,-7932942.0594,5241215.085000001
4B,NORTHEAST (B),020,GREATER BOSTON,V22409,SALEM,POST_OFF,2 MARGIN ST,SALEM,MA,01970,9998,MAIN_PO,P,OPEN,,"9/8/2017, 9:57 PM",2506,25,MA,06,Seth Moulton,Moulton,Democrat,-7892171.407199999,5239139.337700002
4B,NORTHEAST (B),020,GREATER BOSTON,V22340,READING,POST_OFF,123 HAVEN ST STE 2                                ,READING,MA,01867,2952,MAIN_PO,P,OPEN,,"9/8/2017, 9:57 PM",2506,25,MA,06,Seth Moulton,Moulton,Democrat,-7915337.549900001,5239724.6153
4B,NORTHEAST (B),020,GREATER BOSTON,V22518,SOUTH LYNNFIELD,POST_OFF,598 SALEM ST,LYNNFIELD,MA,01940,9992,FIN_S,S,OPEN,,"9/8/2017, 9:57 PM",2506,25,MA,06,Seth Moulton,Moulton,Democrat,-7904996.8597,5238444.603600003
4B,NORTHEAST (B),020,GREATER BOSTON,V22711,WALLIS STREET,POST_OFF,13 WALLIS ST,PEABODY,MA,01960,9992,FIN_S,S,OPEN,,"9/8/2017, 9:57 PM",2506,25,MA,06,Seth Moulton,Moulton,Democrat,-7895288.7982,5240069.757399999
4B,NORTHEAST (B),020,GREATER BOSTON,V22709,WAKEFIELD,POST_OFF,321 MAIN ST,WAKEFIELD,MA,01880,9998,MAIN_PO,P,OPEN,,"9/8/2017, 9:57 PM",2506,25,MA,06,Seth Moulton,Moulton,Democrat,-7911724.119200001,5236908.667599998
4B,NORTHEAST (B),020,GREATER BOSTON,V22778,WEST LYNN,POST_OFF,776 WESTERN AVE,LYNN,MA,01905,9997,STATION,S,OPEN,,"9/8/2017, 9:57 PM",2506,25,MA,06,Seth Moulton,Moulton,Democrat,-7900046.259299999,5230262.9728000015
4B,NORTHEAST (B),020,GREATER BOSTON,V22787,WEST PEABODY,POST_OFF,637 LOWELL ST STE 4,PEABODY,MA,01960,9991,FIN_S,S,OPEN,,"9/8/2017, 9:57 PM",2506,25,MA,06,Seth Moulton,Moulton,Democrat,-7903891.791099999,5243794.469400004
4B,NORTHEAST (B),020,GREATER BOSTON,V22844,WILMINGTON,POST_OFF,18 CHURCH ST,WILMINGTON,MA,01887,9998,MAIN_PO,P,OPEN,,"9/8/2017, 9:57 PM",2506,25,MA,06,Seth Moulton,Moulton,Democrat,-7922947.0163,5243397.816
4B,NORTHEAST (B),020,GREATER BOSTON,V22137,NAHANT,POST_OFF,332 NAHANT RD STE 2,NAHANT,MA,01908,9998,FIN_B,B,OPEN,,"9/8/2017, 9:57 PM",2506,25,MA,06,Seth Moulton,Moulton,Democrat,-7894148.1074,5224750.806900002
4B,NORTHEAST (B),020,GREATER BOSTON,V22417,SAUGUS,POST_OFF,437 LINCOLN AVE,SAUGUS,MA,01906,9998,BRANCH,B,OPEN,,"3/15/2018, 10:00 AM",2506,25,MA,06,Seth Moulton,Moulton,Democrat,-7904566.1646,5228481.549400002
4B,NORTHEAST (B),020,GREATER BOSTON,V22633,SWAMPSCOTT,POST_OFF,49 ELMWOOD RD,SWAMPSCOTT,MA,01907,9998,BRANCH,B,OPEN,,"9/8/2017, 9:57 PM",2506,25,MA,06,Seth Moulton,Moulton,Democrat,-7894674.648600001,5231679.660599999
4B,NORTHEAST (B),020,GREATER BOSTON,007349,BEDFORD RETAIL UNIT,POST_OFF,168 GREAT RD STE 7,BEDFORD,MA,01730,9997,FIN_S,S,OPEN,,"9/8/2017, 9:57 PM",2506,25,MA,06,Seth Moulton,Moulton,Democrat,-7934183.382999999,5234727.738600001
4B,NORTHEAST (B),020,GREATER BOSTON,013017,EAST INDIA SQUARE MALL,POST_OFF,1 E INDIA SQUARE MALL STE 118,SALEM,MA,01970,3721,DBU,6,OPEN,,"9/8/2017, 9:57 PM",2506,25,MA,06,Seth Moulton,Moulton,Democrat,-7891805.388699999,5239558.6193
4B,NORTHEAST (B),020,GREATER BOSTON,017926,BEDFORD RETAIL UNIT NEW,POST_OFF,158 GREAT RD UNIT J                               ,BEDFORD,MA,01730,2735,FIN_S,S,OPEN,,"9/8/2017, 9:57 PM",2506,25,MA,06,Seth Moulton,Moulton,Democrat,-7934183.382999999,5234727.738600001
4B,NORTHEAST (B),020,GREATER BOSTON,V21471,BEDFORD,POST_OFF,168 GREAT RD STE 7,BEDFORD,MA,01730,9998,MAIN_PO,P,OPEN,,"9/8/2017, 9:57 PM",2506,25,MA,06,Seth Moulton,Moulton,Democrat,-7934267.206599999,5234796.578500003
4B,NORTHEAST (B),020,GREATER BOSTON,V21409,ALLSTON,POST_OFF,47 HARVARD AVE,ALLSTON,MA,02134,9998,STATION,S,CLOSED,	POB & Mail @Brighton MA PO 02135,"12/13/2019, 5:15 PM",2507,25,MA,07,Michael E. Capuano,Capuano,Democrat,-7918466.963400001,5214217.829499997
4B,NORTHEAST (B),020,GREATER BOSTON,V21434,ASTOR,POST_OFF,207 MASSACHUSETTS AVE,BOSTON,MA,02115,3043,FIN_S,S,OPEN,,"9/8/2017, 9:57 PM",2507,25,MA,07,Michael E. Capuano,Capuano,Democrat,-7913351.387499999,5212780.710699998
4B,NORTHEAST (B),020,GREATER BOSTON,000844,BRIGHTON,POST_OFF,424 WASHINGTON ST,BRIGHTON,MA,02135,9998,STATION,S,OPEN,,"9/8/2017, 9:57 PM",2507,25,MA,07,Michael E. Capuano,Capuano,Democrat,-7921074.399800001,5213380.6259
4B,NORTHEAST (B),020,GREATER BOSTON,V21585,CATHEDRAL,POST_OFF,59 W DEDHAM ST,BOSTON,MA,02118,9998,FIN_S,S,OPEN,,"9/8/2017, 9:57 PM",2507,25,MA,07,Michael E. Capuano,Capuano,Democrat,-7911814.510600001,5212401.0200999975
4B,NORTHEAST (B),020,GREATER BOSTON,V28249,CODMAN SQUARE,POST_OFF,554 WASHINGTON ST,DORCHESTER CENTER,MA,02124,9997,FIN_S,S,OPEN,,"9/8/2017, 9:57 PM",2507,25,MA,07,Michael E. Capuano,Capuano,Democrat,-7911652.429400001,5204855.3967999965
4B,NORTHEAST (B),020,GREATER BOSTON,V21599,CHARLESTOWN,POST_OFF,23 AUSTIN ST,CHARLESTOWN,MA,02129,9998,FIN_S,S,OPEN,,"3/15/2018, 10:00 AM",2507,25,MA,07,Michael E. Capuano,Capuano,Democrat,-7910999.318,5217453.011
4B,NORTHEAST (B),020,GREATER BOSTON,V21706,EAST BOSTON,POST_OFF,50 MERIDIAN ST,BOSTON,MA,02128,9998,FIN_S,S,OPEN,,"9/8/2017, 9:57 PM",2507,25,MA,07,Michael E. Capuano,Capuano,Democrat,-7908063.377699999,5216757.7597
4B,NORTHEAST (B),020,GREATER BOSTON,V21711,EAST CAMBRIDGE,POST_OFF,303 CAMBRIDGE ST,CAMBRIDGE,MA,02141,9998,FIN_S,S,OPEN,,"9/8/2017, 9:57 PM",2507,25,MA,07,Michael E. Capuano,Capuano,Democrat,-7912697.0515,5216771.170000002
4B,NORTHEAST (B),020,GREATER BOSTON,V21668,DORCHESTER CENTER,POST_OFF,450 TALBOT AVE,DORCHESTER CENTER,MA,02124,9998,CARR_ANNX,4,OPEN,,"9/8/2017, 9:57 PM",2507,25,MA,07,Michael E. Capuano,Capuano,Democrat,-7911168.301000001,5204430.427599996
4B,NORTHEAST (B),020,GREATER BOSTON,V21666,FIELDS CORNER,POST_OFF,218 ADAMS ST,DORCHESTER,MA,02122,9998,FIN_S,S,OPEN,,"9/8/2017, 9:57 PM",2507,25,MA,07,Michael E. Capuano,Capuano,Democrat,-7910314.9257,5206231.410400003
4B,NORTHEAST (B),020,GREATER BOSTON,V27668,FENWAY CARRIER ANNEX,POST_OFF,1313 BOYLSTON ST,BOSTON,MA,02215,9997,CARR_ANNX,4,OPEN,,"9/8/2017, 9:57 PM",2507,25,MA,07,Michael E. Capuano,Capuano,Democrat,-7914668.853700001,5212743.057300001
4B,NORTHEAST (B),020,GREATER BOSTON,001042,FIELDS CORNER CARRIER ANNEX,POST_OFF,18 CLAYTON ST,DORCHESTER,MA,02122,9997,CARR_ANNX,4,OPEN,,"9/8/2017, 9:57 PM",2507,25,MA,07,Michael E. Capuano,Capuano,Democrat,-7909909.2775,5206598.963100001
4B,NORTHEAST (B),020,GREATER BOSTON,V21853,GROVE HALL,POST_OFF,647 WARREN ST,DORCHESTER,MA,02121,9998,FIN_S,S,OPEN,,"9/8/2017, 9:57 PM",2507,25,MA,07,Michael E. Capuano,Capuano,Democrat,-7912945.8506,5207509.025899999
4B,NORTHEAST (B),020,GREATER BOSTON,V27534,HYDE PARK CARRIER ANNEX,POST_OFF,1575 HYDE PARK AVE,HYDE PARK,MA,02136,9998,CARR_ANNX,4,OPEN,,"9/8/2017, 9:57 PM",2507,25,MA,07,Michael E. Capuano,Capuano,Democrat,-7918125.2125,5197838.922499999
4B,NORTHEAST (B),020,GREATER BOSTON,V21923,HYDE PARK,POST_OFF,1269 HYDE PARK AVE,HYDE PARK,MA,02136,2776,FIN_S,S,OPEN,,"3/15/2018, 10:00 AM",2507,25,MA,07,Michael E. Capuano,Capuano,Democrat,-7917541.4531,5199322.055399999
4B,NORTHEAST (B),020,GREATER BOSTON,V21946,KENDALL SQUARE,POST_OFF,250 MAIN ST,CAMBRIDGE,MA,02142,9998,FIN_S,S,CLOSED,"New location @91 First Street, Cambridge MA 02141","3/11/2021, 3:15 PM",2507,25,MA,07,Michael E. Capuano,Capuano,Democrat,-7913134.871099999,5215377.956200004
4B,NORTHEAST (B),020,GREATER BOSTON,V21948,KENMORE,POST_OFF,11 DEERFIELD ST,BOSTON,MA,02215,9998,STATION,S,CLOSED,"Drop Ship @GMF 02205, Mail PU @Astor 02115","6/14/2019, 4:30 PM",2507,25,MA,07,Michael E. Capuano,Capuano,Democrat,-7914482.3935,5213486.364399999
4B,NORTHEAST (B),020,GREATER BOSTON,V22002,M I T,POST_OFF,84 MASSACHUSETTS AVE,CAMBRIDGE,MA,02139,9992,STATION,S,OPEN,,"9/8/2017, 9:57 PM",2507,25,MA,07,Michael E. Capuano,Capuano,Democrat,-7914229.6983,5214919.372100003
4B,NORTHEAST (B),020,GREATER BOSTON,V22039,MATTAPAN,POST_OFF,1602 BLUE HILL AVE,MATTAPAN,MA,02126,9998,STATION,S,OPEN,,"2/14/2021, 4:30 PM",2507,25,MA,07,Michael E. Capuano,Capuano,Democrat,-7914058.4889,5201362.607000001
4B,NORTHEAST (B),020,GREATER BOSTON,V22370,MISSION HILL,POST_OFF,1575 TREMONT ST LBBY,ROXBURY CROSSING,MA,02120,9998,FIN_S,S,OPEN,,"9/8/2017, 9:57 PM",2507,25,MA,07,Michael E. Capuano,Capuano,Democrat,-7915006.2631,5211064.919100001
4B,NORTHEAST (B),020,GREATER BOSTON,V22332,PRUDENTIAL CENTER,POST_OFF,800 BOYLSTON ST LBBY,BOSTON,MA,02199,9998,STATION,S,OPEN,,"9/8/2017, 9:57 PM",2507,25,MA,07,Michael E. Capuano,Capuano,Democrat,-7912864.81,5213307.875
4B,NORTHEAST (B),020,GREATER BOSTON,V22364,ROSLINDALE,POST_OFF,16 CUMMINS HWY,ROSLINDALE,MA,02131,9998,STATION,S,OPEN,,"9/8/2017, 9:57 PM",2507,25,MA,07,Michael E. Capuano,Capuano,Democrat,-7917866.84,5203967.858900003
4B,NORTHEAST (B),020,GREATER BOSTON,V22368,ROXBURY,POST_OFF,55 ROXBURY ST,ROXBURY,MA,02119,9998,STATION,S,OPEN,,"9/8/2017, 9:57 PM",2507,25,MA,07,Michael E. Capuano,Capuano,Democrat,-7913263.111099999,5210575.674999997
4B,NORTHEAST (B),020,GREATER BOSTON,V22342,READVILLE,POST_OFF,201 NEPONSET VALLEY PKWY,HYDE PARK,MA,02136,2409,FIN_S,S,OPEN,,"3/15/2018, 10:15 AM",2507,25,MA,07,Michael E. Capuano,Capuano,Democrat,-7918324.251800001,5196538.702500001
4B,NORTHEAST (B),020,GREATER BOSTON,V22669,UPHAMS CORNER,POST_OFF,551 COLUMBIA RD,DORCHESTER,MA,02125,9998,FIN_S,S,OPEN,,"9/8/2017, 9:57 PM",2507,25,MA,07,Michael E. Capuano,Capuano,Democrat,-7911013.3442,5208454.102600001
4B,NORTHEAST (B),020,GREATER BOSTON,V21508,BOSTON,NON_FAC,25 DORCHESTER AVE,BOSTON,MA,02205,0002,PHANTOM_S,P,OPEN,,"9/8/2017, 9:57 PM",2507,25,MA,07,Michael E. Capuano,Capuano,Democrat,-7909826.455800001,5213396.441399999
4B,NORTHEAST (B),020,GREATER BOSTON,V21607,CHELSEA,POST_OFF,320 BROADWAY STE 1,CHELSEA,MA,02150,9991,FIN_B,B,OPEN,,"9/8/2017, 9:57 PM",2507,25,MA,07,Michael E. Capuano,Capuano,Democrat,-7907761.9245,5219822.281800002
4B,NORTHEAST (B),020,GREATER BOSTON,V21761,LAFAYETTE,POST_OFF,7 AVENUE DE LAFAYETTE,BOSTON,MA,02111,9998,FIN_S,S,OPEN,,"3/15/2018, 10:00 AM",2507,25,MA,07,Michael E. Capuano,Capuano,Democrat,-7910488.5842,5214029.384400003
4B,NORTHEAST (B),020,GREATER BOSTON,V21763,EVERETT,POST_OFF,11 NORWOOD ST,EVERETT,MA,02149,9998,FIN_B,B,OPEN,,"9/8/2017, 9:57 PM",2507,25,MA,07,Michael E. Capuano,Capuano,Democrat,-7909933.8791,5222207.5239999965
4B,NORTHEAST (B),020,GREATER BOSTON,V21796,FORT POINT,POST_OFF,25 DORCHESTER AVE RM 1,BOSTON,MA,02205,9761,STATION,S,OPEN,,"9/8/2017, 9:57 PM",2507,25,MA,07,Michael E. Capuano,Capuano,Democrat,-7909826.455800001,5213396.441399999
4B,NORTHEAST (B),020,GREATER BOSTON,V22479,SOLDIERS FIELD,POST_OFF,117 WESTERN AVE STE 1,BOSTON,MA,02163,9998,FND_S,S,OPEN,,"3/15/2018, 10:00 AM",2507,25,MA,07,Michael E. Capuano,Capuano,Democrat,-7917293.322000001,5215849.5195999965
4B,NORTHEAST (B),020,GREATER BOSTON,V22794,WEST SOMERVILLE,POST_OFF,58 DAY ST STE 100,SOMERVILLE,MA,02144,9998,FIN_B,B,OPEN,,"9/8/2017, 9:57 PM",2507,25,MA,07,Michael E. Capuano,Capuano,Democrat,-7917367.7947,5220461.834899999
4B,NORTHEAST (B),020,GREATER BOSTON,V22851,WINTER HILL,POST_OFF,320 BROADWAY,SOMERVILLE,MA,02145,9998,FIN_B,B,OPEN,,"3/15/2018, 10:00 AM",2507,25,MA,07,Michael E. Capuano,Capuano,Democrat,-7914099.7884,5219952.359399997
4B,NORTHEAST (B),020,GREATER BOSTON,014546,CHELSEA CARRIER ANNEX,POST_OFF,307 BEACHAM ST,CHELSEA,MA,02150,9998,CARR_ANNX,4,OPEN,,"9/8/2017, 9:57 PM",2507,25,MA,07,Michael E. Capuano,Capuano,Democrat,-7909348.5613,5220264.5229
4B,NORTHEAST (B),020,GREATER BOSTON,012377,BACK BAY,POST_OFF,133 CLARENDON ST,BOSTON,MA,02116,9998,STATION,S,OPEN,,"3/15/2018, 10:00 AM",2507,25,MA,07,Michael E. Capuano,Capuano,Democrat,-7911933.5111,5213355.773000002
4B,NORTHEAST (B),020,GREATER BOSTON,016397,UNION SQUARE,POST_OFF,18 BOW ST,SOMERVILLE,MA,02143,2956,BRANCH,B,OPEN,,"9/8/2017, 9:57 PM",2507,25,MA,07,Michael E. Capuano,Capuano,Democrat,-7914515.232799999,5218185.686899997
4B,NORTHEAST (B),020,GREATER BOSTON,001816,CHELSEA PHANTOM,NON_FAC,320 BROADWAY STE 1,CHELSEA,MA,02150,9991,PHANTOM_S,P,OPEN,,"9/8/2017, 9:57 PM",2507,25,MA,07,Michael E. Capuano,Capuano,Democrat,-7907765.152799999,5219823.638300002
4B,NORTHEAST (B),020,GREATER BOSTON,001733,EVERETT PHANTOM,NON_FAC,11 NORWOOD ST,EVERETT,MA,02149,9998,PHANTOM_S,P,OPEN,,"9/8/2017, 9:57 PM",2507,25,MA,07,Michael E. Capuano,Capuano,Democrat,-7909928.2018,5222185.512400001
4B,NORTHEAST (B),020,GREATER BOSTON,001813,SOMERVILLE PHANTOM,NON_FAC,18 BOW ST,SOMERVILLE,MA,02143,2956,PHANTOM_S,P,OPEN,,"9/8/2017, 9:57 PM",2507,25,MA,07,Michael E. Capuano,Capuano,Democrat,-7914488.850099999,5218186.892499998
4B,NORTHEAST (B),020,GREATER BOSTON,V21407,ALLERTON,POST_OFF,797 NANTASKET AVE,HULL,MA,02045,9991,FIN_S,S,OPEN,,"9/8/2017, 9:57 PM",2508,25,MA,08,Stephen F. Lynch,Lynch,Democrat,-7890709.336999999,5206201.157899998
4B,NORTHEAST (B),020,GREATER BOSTON,V21629,COHASSET,POST_OFF,100 RIPLEY RD,COHASSET,MA,02025,9998,MAIN_PO,P,OPEN,,"9/8/2017, 9:57 PM",2508,25,MA,08,Stephen F. Lynch,Lynch,Democrat,-7881893.056,5197219.239500001
4B,NORTHEAST (B),020,GREATER BOSTON,V21597,CHARLES STREET,POST_OFF,136 CHARLES ST,BOSTON,MA,02114,9991,FIN_S,S,OPEN,,"3/15/2018, 10:00 AM",2508,25,MA,08,Stephen F. Lynch,Lynch,Democrat,-7911579.4038,5215011.569200002
4B,NORTHEAST (B),020,GREATER BOSTON,V21714,EAST DEDHAM,POST_OFF,280 BUSSEY ST,DEDHAM,MA,02027,9991,FIN_S,S,CLOSED,"No lease. Moved to Dedham Main Ofc, MA 02026","2/6/2020, 9:45 AM",2508,25,MA,08,Stephen F. Lynch,Lynch,Democrat,-7920824.710200001,5198292.4701000005
4B,NORTHEAST (B),020,GREATER BOSTON,V21656,DEDHAM,POST_OFF,611 HIGH ST,DEDHAM,MA,02026,9998,MAIN_PO,P,OPEN,,"9/8/2017, 9:57 PM",2508,25,MA,08,Stephen F. Lynch,Lynch,Democrat,-7923087.724099999,5198326.005800001
4B,NORTHEAST (B),020,GREATER BOSTON,V21862,HANOVER STREET,POST_OFF,217 HANOVER ST,BOSTON,MA,02113,9998,FIN_S,S,OPEN,,"9/8/2017, 9:57 PM",2508,25,MA,08,Stephen F. Lynch,Lynch,Democrat,-7909851.057399999,5215476.937399998
4B,NORTHEAST (B),020,GREATER BOSTON,V21915,HULL,POST_OFF,515 NANTASKET AVE,HULL,MA,02045,9998,MAIN_PO,P,OPEN,,"3/15/2018, 10:00 AM",2508,25,MA,08,Stephen F. Lynch,Lynch,Democrat,-7889632.6549,5203386.8961
4B,NORTHEAST (B),020,GREATER BOSTON,V21892,HINGHAM,POST_OFF,121 NORTH ST,HINGHAM,MA,02043,9998,MAIN_PO,P,OPEN,,"9/8/2017, 9:57 PM",2508,25,MA,08,Stephen F. Lynch,Lynch,Democrat,-7891357.7731,5197447.950599998
4B,NORTHEAST (B),020,GREATER BOSTON,V21934,ISLINGTON,POST_OFF,307 WASHINGTON ST,WESTWOOD,MA,02090,9991,FIN_S,S,OPEN,,"9/8/2017, 9:57 PM",2508,25,MA,08,Stephen F. Lynch,Lynch,Democrat,-7924683.155099999,5193769.693899997
4B,NORTHEAST (B),020,GREATER BOSTON,V21937,JAMAICA PLAIN,POST_OFF,655 CENTRE ST,JAMAICA PLAIN,MA,02130,9998,STATION,S,OPEN,,"9/8/2017, 9:57 PM",2508,25,MA,08,Stephen F. Lynch,Lynch,Democrat,-7916435.048699999,5208005.3374999985
4B,NORTHEAST (B),020,GREATER BOSTON,V21939,JOHN FITZGERALD KENNEDY,POST_OFF,25 NEW CHARDON ST LBBY,BOSTON,MA,02114,9998,STATION,S,OPEN,,"9/8/2017, 9:57 PM",2508,25,MA,08,Stephen F. Lynch,Lynch,Democrat,-7910582.2038,5215376.9016999975
4B,NORTHEAST (B),020,GREATER BOSTON,001043,NORTH QUINCY CARRIER ANNEX,POST_OFF,617 HANCOCK ST,QUINCY,MA,02170,9997,CARR_ANNX,4,OPEN,,"9/8/2017, 9:57 PM",2508,25,MA,08,Stephen F. Lynch,Lynch,Democrat,-7905743.479499999,5201347.563699998
4B,NORTHEAST (B),020,GREATER BOSTON,V22265,NORWOOD,POST_OFF,1 CENTRAL ST,NORWOOD,MA,02062,9998,MAIN_PO,P,OPEN,,"9/8/2017, 9:57 PM",2508,25,MA,08,Stephen F. Lynch,Lynch,Democrat,-7926126.1896,5189543.999300003
4B,NORTHEAST (B),020,GREATER BOSTON,V22494,SOUTH BOSTON,POST_OFF,444 E 3RD ST,BOSTON,MA,02127,9998,STATION,S,OPEN,,"9/8/2017, 9:57 PM",2508,25,MA,08,Stephen F. Lynch,Lynch,Democrat,-7908389.0986,5211546.207000002
4B,NORTHEAST (B),020,GREATER BOSTON,V22607,STATE HOUSE,POST_OFF,24 BEACON ST RM 2,BOSTON,MA,02133,9998,STATION,S,OPEN,,"9/8/2017, 9:57 PM",2508,25,MA,08,Stephen F. Lynch,Lynch,Democrat,-7910779.2393,5214800.6620000005
4B,NORTHEAST (B),020,GREATER BOSTON,V22422,SCITUATE,POST_OFF,108 FIRST PARISH RD,SCITUATE,MA,02066,9998,MAIN_PO,P,OPEN,,"9/8/2017, 9:57 PM",2508,25,MA,08,Stephen F. Lynch,Lynch,Democrat,-7874298.1724,5189868.084399998
4B,NORTHEAST (B),020,GREATER BOSTON,V22791,WEST ROXBURY,POST_OFF,1834 CENTRE ST,WEST ROXBURY,MA,02132,1901,STATION,S,OPEN,,"9/8/2017, 9:57 PM",2508,25,MA,08,Stephen F. Lynch,Lynch,Democrat,-7920797.9935,5203958.8303999975
4B,NORTHEAST (B),020,GREATER BOSTON,V22821,WESTWOOD,POST_OFF,697 HIGH ST,WESTWOOD,MA,02090,9998,MAIN_PO,P,OPEN,,"9/8/2017, 9:57 PM",2508,25,MA,08,Stephen F. Lynch,Lynch,Democrat,-7928536.367900001,5194704.683300003
4B,NORTHEAST (B),020,GREATER BOSTON,V21392,ACCORD,POST_OFF,28 WHITING ST,HINGHAM,MA,02043,9991,BRANCH,B,OPEN,,"9/8/2017, 9:57 PM",2508,25,MA,08,Stephen F. Lynch,Lynch,Democrat,-7891199.2541,5187232.752800003
4B,NORTHEAST (B),020,GREATER BOSTON,V21538,BRAINTREE,POST_OFF,125 PEARL ST,BRAINTREE,MA,02184,6525,FIN_B,B,OPEN,,"9/8/2017, 9:57 PM",2508,25,MA,08,Stephen F. Lynch,Lynch,Democrat,-7903891.9025,5191200.600900002
4B,NORTHEAST (B),020,GREATER BOSTON,V21747,EAST WEYMOUTH,POST_OFF,1377 COMMERCIAL ST,EAST WEYMOUTH,MA,02189,9998,BRANCH,B,OPEN,,"9/8/2017, 9:57 PM",2508,25,MA,08,Stephen F. Lynch,Lynch,Democrat,-7895284.234099999,5193258.344800003
4B,NORTHEAST (B),020,GREATER BOSTON,V22074,MILTON,POST_OFF,499 ADAMS ST,MILTON,MA,02186,9998,BRANCH,B,OPEN,,"9/8/2017, 9:57 PM",2508,25,MA,08,Stephen F. Lynch,Lynch,Democrat,-7908398.560699999,5199757.474600002
4B,NORTHEAST (B),020,GREATER BOSTON,V22076,MILTON VILLAGE,POST_OFF,50 ADAMS ST,MILTON,MA,02186,3412,FIN_B,B,OPEN,,"9/8/2017, 9:57 PM",2508,25,MA,08,Stephen F. Lynch,Lynch,Democrat,-7911202.364700001,5201512.138300002
4B,NORTHEAST (B),020,GREATER BOSTON,V22245,NORTH QUINCY,POST_OFF,454 HANCOCK ST,QUINCY,MA,02171,9998,FIN_B,B,OPEN,,"3/15/2018, 10:00 AM",2508,25,MA,08,Stephen F. Lynch,Lynch,Democrat,-7906302.4147,5201882.215999998
4B,NORTHEAST (B),020,GREATER BOSTON,V22254,NORTH WEYMOUTH,POST_OFF,53 SEA ST,NORTH WEYMOUTH,MA,02191,9998,BRANCH,B,OPEN,,"6/15/2018, 9:00 AM",2508,25,MA,08,Stephen F. Lynch,Lynch,Democrat,-7897747.0666,5197380.4344
4B,NORTHEAST (B),020,GREATER BOSTON,V22334,QUINCY,POST_OFF,47 WASHINGTON ST,QUINCY,MA,02169,5301,BRANCH,B,OPEN,,"11/15/2018, 9:15 AM",2508,25,MA,08,Stephen F. Lynch,Lynch,Democrat,-7903879.546,5198632.645000003
4B,NORTHEAST (B),020,GREATER BOSTON,V22532,SOUTH WEYMOUTH,POST_OFF,84 PLEASANT ST,SOUTH WEYMOUTH,MA,02190,2413,FIN_B,B,OPEN,,"9/8/2017, 9:57 PM",2508,25,MA,08,Stephen F. Lynch,Lynch,Democrat,-7898412.311799999,5187045.143600002
4B,NORTHEAST (B),020,GREATER BOSTON,V22822,WEYMOUTH,POST_OFF,103 WASHINGTON ST,WEYMOUTH,MA,02188,9998,BRANCH,B,OPEN,,"9/8/2017, 9:57 PM",2508,25,MA,08,Stephen F. Lynch,Lynch,Democrat,-7899975.7941,5193718.888499998
4B,NORTHEAST (B),020,GREATER BOSTON,V22857,WOLLASTON,POST_OFF,5 BEACH ST,QUINCY,MA,02170,9998,BRANCH,B,OPEN,,"9/8/2017, 9:57 PM",2508,25,MA,08,Stephen F. Lynch,Lynch,Democrat,-7905450.820599999,5201222.555100001
4B,NORTHEAST (B),020,GREATER BOSTON,V27525,GREENBUSH,POST_OFF,25 FORD RD,SCITUATE,MA,02066,9991,BRANCH,B,OPEN,,"9/8/2017, 9:57 PM",2508,25,MA,08,Stephen F. Lynch,Lynch,Democrat,-7875554.635500001,5187673.325999998
4B,NORTHEAST (B),020,GREATER BOSTON,V27526,MINOT,POST_OFF,76 GLADES RD UNIT 1,SCITUATE,MA,02066,1242,BRANCH,B,OPEN,,"3/9/2018, 3:00 PM",2508,25,MA,08,Stephen F. Lynch,Lynch,Democrat,-7877170.3266,5197070.828400001
4B,NORTHEAST (B),020,GREATER BOSTON,V27527,NORTH SCITUATE,POST_OFF,357 GANNETT RD,SCITUATE,MA,02066,9992,BRANCH,B,OPEN,,"9/8/2017, 9:57 PM",2508,25,MA,08,Stephen F. Lynch,Lynch,Democrat,-7879706.9638,5193853.568599999
4B,NORTHEAST (B),020,GREATER BOSTON,003699,MILK STREET,POST_OFF,31 MILK ST LBBY,BOSTON,MA,02109,9997,FIN_S,S,OPEN,,"9/8/2017, 9:57 PM",2508,25,MA,08,Stephen F. Lynch,Lynch,Democrat,-7910159.078500001,5214556.467500001
4B,NORTHEAST (B),020,GREATER BOSTON,013149,BRAINTREE CARRIER ANNEX,POST_OFF,333 COMMERCE DR,BRAINTREE,MA,02184,9998,CARR_ANNX,4,OPEN,,"9/8/2017, 9:57 PM",2508,25,MA,08,Stephen F. Lynch,Lynch,Democrat,-7900791.6546,5189766.3653
4B,NORTHEAST (B),020,GREATER BOSTON,001821,BRAINTREE PHANTOM,NON_FAC,333 COMMERCE DR,BRAINTREE,MA,02184,9998,PHANTOM_S,P,OPEN,,"9/8/2017, 9:57 PM",2508,25,MA,08,Stephen F. Lynch,Lynch,Democrat,-7900791.6546,5189766.3653
4B,NORTHEAST (B),020,GREATER BOSTON,001822,MILTON PHANTOM,NON_FAC,499 ADAMS ST,MILTON,MA,02186,9998,PHANTOM_S,P,OPEN,,"9/8/2017, 9:57 PM",2508,25,MA,08,Stephen F. Lynch,Lynch,Democrat,-7908398.560699999,5199757.474600002
4B,NORTHEAST (B),020,GREATER BOSTON,001774,QUINCY PHANTOM,NON_FAC,47 WASHINGTON ST,QUINCY,MA,02169,9998,PHANTOM_S,P,OPEN,,"9/26/2018, 9:10 AM",2508,25,MA,08,Stephen F. Lynch,Lynch,Democrat,-7903879.546,5198632.645000003
4B,NORTHEAST (B),020,GREATER BOSTON,001823,WEYMOUTH PHANTOM,NON_FAC,103 WASHINGTON ST,WEYMOUTH,MA,02188,9998,PHANTOM_S,P,OPEN,,"9/8/2017, 9:57 PM",2508,25,MA,08,Stephen F. Lynch,Lynch,Democrat,-7899975.7941,5193718.888499998
4B,ATLANTIC,,,,,,,,,,,,,OPEN,,,,,,,,,,-7915455.604743215,5213226.380857513
4B,ATLANTIC,022,GREATER BOSTON,019298,KENMORE NEW,POST OFFICE,512 PARK DR,BOSTON,MA,02215,9998,FINANCE STATION,,OPEN,NEW LOCATION,"3/12/2021, 9:45 AM",,,MA,,,,,-7915455.272993377,5213225.551464709
4B,ATLANTIC,,,,,,,,,,,,,OPEN,,,,,,,,,,-7912333.877904625,5216294.18365423
4B,ATLANTIC,020,GREATER BOSTON,019091,KENDALL CAMBRIDGESIDE,POST OFFICE,91 1ST ST,CAMBRIDGE,MA,02141,1804,FINANCE STATION,,OPEN,NEW FACILITY,"3/12/2021, 10:15 AM",,,MA,,,,,-7912327.309097513,5216293.188395613
